[
{
  "model": "auth.group",
  "fields": {
    "name": "admin",
    "permissions": [
      [
        "add_account",
        "accounts",
        "account"
      ],
      [
        "change_account",
        "accounts",
        "account"
      ],
      [
        "delete_account",
        "accounts",
        "account"
      ],
      [
        "view_account",
        "accounts",
        "account"
      ],
      [
        "add_gender",
        "accounts",
        "gender"
      ],
      [
        "change_gender",
        "accounts",
        "gender"
      ],
      [
        "delete_gender",
        "accounts",
        "gender"
      ],
      [
        "view_gender",
        "accounts",
        "gender"
      ],
      [
        "add_logentry",
        "admin",
        "logentry"
      ],
      [
        "change_logentry",
        "admin",
        "logentry"
      ],
      [
        "delete_logentry",
        "admin",
        "logentry"
      ],
      [
        "view_logentry",
        "admin",
        "logentry"
      ],
      [
        "add_group",
        "auth",
        "group"
      ],
      [
        "change_group",
        "auth",
        "group"
      ],
      [
        "delete_group",
        "auth",
        "group"
      ],
      [
        "view_group",
        "auth",
        "group"
      ],
      [
        "add_permission",
        "auth",
        "permission"
      ],
      [
        "change_permission",
        "auth",
        "permission"
      ],
      [
        "delete_permission",
        "auth",
        "permission"
      ],
      [
        "view_permission",
        "auth",
        "permission"
      ],
      [
        "add_contenttype",
        "contenttypes",
        "contenttype"
      ],
      [
        "change_contenttype",
        "contenttypes",
        "contenttype"
      ],
      [
        "delete_contenttype",
        "contenttypes",
        "contenttype"
      ],
      [
        "view_contenttype",
        "contenttypes",
        "contenttype"
      ],
      [
        "add_comment",
        "posts",
        "comment"
      ],
      [
        "change_comment",
        "posts",
        "comment"
      ],
      [
        "delete_comment",
        "posts",
        "comment"
      ],
      [
        "view_comment",
        "posts",
        "comment"
      ],
      [
        "add_post",
        "posts",
        "post"
      ],
      [
        "change_post",
        "posts",
        "post"
      ],
      [
        "delete_post",
        "posts",
        "post"
      ],
      [
        "view_post",
        "posts",
        "post"
      ],
      [
        "add_session",
        "sessions",
        "session"
      ],
      [
        "change_session",
        "sessions",
        "session"
      ],
      [
        "delete_session",
        "sessions",
        "session"
      ],
      [
        "view_session",
        "sessions",
        "session"
      ]
    ]
  }
},
{
  "model": "auth.group",
  "fields": {
    "name": "basic",
    "permissions": [
      [
        "change_account",
        "accounts",
        "account"
      ],
      [
        "view_account",
        "accounts",
        "account"
      ],
      [
        "add_comment",
        "posts",
        "comment"
      ],
      [
        "change_comment",
        "posts",
        "comment"
      ],
      [
        "delete_comment",
        "posts",
        "comment"
      ],
      [
        "view_comment",
        "posts",
        "comment"
      ],
      [
        "add_post",
        "posts",
        "post"
      ],
      [
        "change_post",
        "posts",
        "post"
      ],
      [
        "delete_post",
        "posts",
        "post"
      ],
      [
        "view_post",
        "posts",
        "post"
      ]
    ]
  }
},
{
  "model": "sessions.session",
  "pk": "17n431we6a16wvivbhj0ir5pfqgret5i",
  "fields": {
    "session_data": ".eJxVjDsOwjAQBe_iGlmL7fhDSc8ZrM3uggPIluKkQtwdIqWA9s3Me6mM61Ly2mXOE6uTcqAOv-OI9JC6Eb5jvTVNrS7zNOpN0Tvt-tJYnufd_Tso2Mu3HpAYfUjIApGSsT6ScRYgCQdviTmBieIjGA_WhUg-IYZojU3H4Srq_QEADTdX:1op4DF:cCBCD6xgP4YNnkDkVDvLjI6FwYZkKX78S2wIUIWADx0",
    "expire_date": "2022-11-13T09:02:37.172Z"
  }
},
{
  "model": "sessions.session",
  "pk": "2ow6lqq7bpe89e1oshsjxz0tyxc9ifrq",
  "fields": {
    "session_data": ".eJxVjDsOwjAQBe_iGlmL7fhDSc8ZrM3uggPIluKkQtwdIqWA9s3Me6mM61Ly2mXOE6uTcqAOv-OI9JC6Eb5jvTVNrS7zNOpN0Tvt-tJYnufd_Tso2Mu3HpAYfUjIApGSsT6ScRYgCQdviTmBieIjGA_WhUg-IYZojU3H4Srq_QEADTdX:1ooTlV:WtQdY7UO-08nOjhXUJX9ZM1sVYhp7qWwSfs0WlKRVSc",
    "expire_date": "2022-11-11T18:07:33.581Z"
  }
},
{
  "model": "sessions.session",
  "pk": "3paqocmq0rm92ua4j7pp9b1vnl0ce44n",
  "fields": {
    "session_data": "e30:1oo8md:jia8-UZSJp7Ou0UY0GZTVrLGSROLkWm-faACcDdfl04",
    "expire_date": "2022-11-10T19:43:19.235Z"
  }
},
{
  "model": "sessions.session",
  "pk": "79c1cnr5tgc7j4uktenh430yxmq8xpnu",
  "fields": {
    "session_data": ".eJxVjDsOwjAQBe_iGlmL7fhDSc8ZrM3uggPIluKkQtwdIqWA9s3Me6mM61Ly2mXOE6uTcqAOv-OI9JC6Eb5jvTVNrS7zNOpN0Tvt-tJYnufd_Tso2Mu3HpAYfUjIApGSsT6ScRYgCQdviTmBieIjGA_WhUg-IYZojU3H4Srq_QEADTdX:1opPgx:TusPo6R0C_nAelMOCQ_fdNJAe29mCRpB-u0rZt2hlpI",
    "expire_date": "2022-11-14T07:58:43.899Z"
  }
},
{
  "model": "sessions.session",
  "pk": "8pgrlgw602sd5td7uvnbcshbzhny0aja",
  "fields": {
    "session_data": "e30:1ony5f:DpMFnETISkq7zDfXjB9mgNh276yGYXNrv7PN-y7arXg",
    "expire_date": "2022-11-10T08:18:15.070Z"
  }
},
{
  "model": "sessions.session",
  "pk": "8q86j4ndxyv70tojjytn6dfpgrauy481",
  "fields": {
    "session_data": "e30:1oo96m:CfZ_h94wWwd28718eyqg--_8kF9kuU3BGOBOpTBJ3pE",
    "expire_date": "2022-11-10T20:04:08.685Z"
  }
},
{
  "model": "sessions.session",
  "pk": "8sfq2e9n1e59rie3amx1ljymhrw2xvq9",
  "fields": {
    "session_data": ".eJxVjDsOwjAQBe_iGlmL7fhDSc8ZrM3uggPIluKkQtwdIqWA9s3Me6mM61Ly2mXOE6uTcqAOv-OI9JC6Eb5jvTVNrS7zNOpN0Tvt-tJYnufd_Tso2Mu3HpAYfUjIApGSsT6ScRYgCQdviTmBieIjGA_WhUg-IYZojU3H4Srq_QEADTdX:1ooRdA:_ha9EUN6RDOuEyDOETFWE1PLzRk0Dv1v6y1U8sGVgBo",
    "expire_date": "2022-11-11T15:50:48.067Z"
  }
},
{
  "model": "sessions.session",
  "pk": "a0pflk2x0l1p329pxj6l152xp2stwjgz",
  "fields": {
    "session_data": ".eJxVjMsOwiAQRf-FtSFQXoNL934DYWCQqoGktCvjv2uTLnR7zzn3xULc1hq2QUuYMzsz6djpd8SYHtR2ku-x3TpPva3LjHxX-EEHv_ZMz8vh_h3UOOq3VjS5rECAMgg5JVe0kCYCkLDFGytJF6kpGW8FYdYCNJoCDieQ0nlk7w_5jTeN:1opkKj:bcH_3NeSiWd3HxBiUWzmCC-o2TDaoIXGvJY0pUIXcS0",
    "expire_date": "2022-11-15T06:01:09.619Z"
  }
},
{
  "model": "sessions.session",
  "pk": "artsododhjq5c9t54uphcn56ok1wczxw",
  "fields": {
    "session_data": ".eJxVjDsOwjAQBe_iGlmL7fhDSc8ZrM3uggPIluKkQtwdIqWA9s3Me6mM61Ly2mXOE6uTcqAOv-OI9JC6Eb5jvTVNrS7zNOpN0Tvt-tJYnufd_Tso2Mu3HpAYfUjIApGSsT6ScRYgCQdviTmBieIjGA_WhUg-IYZojU3H4Srq_QEADTdX:1opOKa:y_IdRb-xm6Wmb-PXFxEq8S-Jwys-_b-KKy8OS-WZcQI",
    "expire_date": "2022-11-14T06:31:32.202Z"
  }
},
{
  "model": "sessions.session",
  "pk": "ddz8ye9f9tu6gh41ej7x0kiv131vrmjl",
  "fields": {
    "session_data": ".eJxVjMsOwiAQRf-FtSFQXoNL934DYWCQqoGktCvjv2uTLnR7zzn3xULc1hq2QUuYMzsz6djpd8SYHtR2ku-x3TpPva3LjHxX-EEHv_ZMz8vh_h3UOOq3VjS5rECAMgg5JVe0kCYCkLDFGytJF6kpGW8FYdYCNJoCDieQ0nlk7w_5jTeN:1opkdl:untiwHAEaFXp0mAa1WzsJ6wcp0SG0gGpeLoxR2bfIbo",
    "expire_date": "2022-11-15T06:20:49.601Z"
  }
},
{
  "model": "sessions.session",
  "pk": "dfgiq9liunip7dd3jrrbx6jol7gz2ak4",
  "fields": {
    "session_data": ".eJxVjEEOwiAQAP_C2RACC7UevfsGsuwuUjU0Ke2p8e9K0oNeZyazq4jbWuLWZIkTq4sCo06_MCE9pXbDD6z3WdNc12VKuif6sE3fZpbX9Wj_BgVb6V_vXRA6C1qTbUiUyDuTBibwg8sjZAQBtgAjUjDfUDAEQJ9RUmZW7w8aqTlS:1opX96:YOgxv8QkugkPe9_ilh7R-XbGLbAetT6EOY7BqFuK0UQ",
    "expire_date": "2022-11-14T15:56:16.708Z"
  }
},
{
  "model": "sessions.session",
  "pk": "e8xm33foiwhycopr59q98npviwgr0bxl",
  "fields": {
    "session_data": "e30:1oo8am:WdYinVworljzlJm6nR6VYfAR4skMjAv0vEOwZ9Nkn0w",
    "expire_date": "2022-11-10T19:31:04.523Z"
  }
},
{
  "model": "sessions.session",
  "pk": "eedlc7sxqlgrqqkxfu1dc1ymnizwlzp7",
  "fields": {
    "session_data": ".eJxVjEEOwiAQAP_C2RACC7UevfsGsuwuUjU0Ke2p8e9K0oNeZyazq4jbWuLWZIkTq4sCo06_MCE9pXbDD6z3WdNc12VKuif6sE3fZpbX9Wj_BgVb6V_vXRA6C1qTbUiUyDuTBibwg8sjZAQBtgAjUjDfUDAEQJ9RUmZW7w8aqTlS:1opqV3:D_rjpPB83NtI4fp9iZ1m7W1jGg8mn_p3w13xg7We2X0",
    "expire_date": "2022-11-15T12:36:13.351Z"
  }
},
{
  "model": "sessions.session",
  "pk": "m36jpmxxss0paw0epscph2e1jwczsgxb",
  "fields": {
    "session_data": "e30:1ony1j:ZEF83TXcQZkUStJ914EOh9_9Vwjkuuiwva5AJIZ-AgI",
    "expire_date": "2022-11-10T08:14:11.564Z"
  }
},
{
  "model": "sessions.session",
  "pk": "p5m796y63dpmpvcff2dsxq0wrq330q69",
  "fields": {
    "session_data": "e30:1oo8rZ:U5qoyTfk59AFJk7r21Ak4DWrfIOh6Yzf0xBbItFstI0",
    "expire_date": "2022-11-10T19:48:25.454Z"
  }
},
{
  "model": "sessions.session",
  "pk": "rfga3qy4pc46cpotfz594pndubsgvvyw",
  "fields": {
    "session_data": ".eJxVjMsOwiAQRf-FtSHgUB4u3fcbyDADUjU0Ke3K-O_apAvd3nPOfYmI21rj1vMSJxYXASBOv2NCeuS2E75ju82S5rYuU5K7Ig_a5Thzfl4P9--gYq_f2oNzyuYSAmlSkNHnAuzIKg7GJhpAn9GwdmTSUABCcsSMbL3SAR2J9wcMvDhv:1ooHs5:BuBG87KirtuZ1RNh17CWBZ2zj5y5ciyq7A1uUM-30q4",
    "expire_date": "2022-11-11T05:25:33.632Z"
  }
},
{
  "model": "sessions.session",
  "pk": "tk3si4e0znd33m23slojq67xwpxdjin4",
  "fields": {
    "session_data": "e30:1oo8oR:fVYfxwMnd38vQhCGpo-v2Ap6dGpY2LA9ZvXrAUP5wcs",
    "expire_date": "2022-11-10T19:45:11.640Z"
  }
},
{
  "model": "sessions.session",
  "pk": "tojiusnz4zxkofwfh9r8za5n4n5id2ex",
  "fields": {
    "session_data": "e30:1oo8pc:j-EmA34uh2LrmTSu3vIYk8-6IzbjFnzuErgXO9Um-FY",
    "expire_date": "2022-11-10T19:46:24.498Z"
  }
},
{
  "model": "accounts.account",
  "fields": {
    "password": "pbkdf2_sha256$390000$6ECRSXRDpzoM08RSw3cXC4$jPy7hZvO6ybqn5kE/TYf4lZaShvl2UsLl2wg4WMcnng=",
    "last_login": "2022-11-01T10:31:34.166Z",
    "is_superuser": true,
    "username": "root@gmail.com",
    "first_name": "",
    "last_name": "",
    "is_staff": true,
    "is_active": true,
    "date_joined": "2022-10-27T16:41:58.904Z",
    "email": "root@gmail.com",
    "avatar": "uploads/default_avatar/default-user.png",
    "birthday": null,
    "about_user": "",
    "phone": null,
    "gender": null,
    "is_deleted": false,
    "created_at": "2022-10-27T16:41:59.079Z",
    "changed_at": "2022-11-01T08:07:28.118Z",
    "groups": [
      [
        "admin"
      ]
    ],
    "user_permissions": [],
    "liked_posts": [],
    "subscriptions": [],
    "commented_posts": []
  }
},
{
  "model": "accounts.account",
  "fields": {
    "password": "pbkdf2_sha256$390000$fUhRkMgSyY3RAtX9QWzI7c$lLejLzBMoutSnEl8IhdmHXPQiPQMzMVmuY/feYaKkLA=",
    "last_login": "2022-10-28T07:11:44.462Z",
    "is_superuser": false,
    "username": "a",
    "first_name": "a",
    "last_name": "",
    "is_staff": false,
    "is_active": true,
    "date_joined": "2022-10-28T07:11:44.310Z",
    "email": "a@mail.ru",
    "avatar": "avatars/skolko-mesta-nuzhno-koshke.jpg",
    "birthday": null,
    "about_user": "a",
    "phone": "+77077730149",
    "gender": 2,
    "is_deleted": false,
    "created_at": "2022-10-28T07:11:44.448Z",
    "changed_at": "2022-10-28T07:11:44.448Z",
    "groups": [
      [
        "admin"
      ]
    ],
    "user_permissions": [],
    "liked_posts": [],
    "subscriptions": [],
    "commented_posts": []
  }
},
{
  "model": "accounts.account",
  "fields": {
    "password": "pbkdf2_sha256$390000$AzgsJjN8BOjrVFggwvIbEQ$aZDrYVOSdIWsUL8dimqYOrzym2+y7suHIDGRoaUkJl8=",
    "last_login": "2022-11-01T05:29:01.117Z",
    "is_superuser": false,
    "username": "tttt",
    "first_name": "tttt",
    "last_name": "",
    "is_staff": false,
    "is_active": true,
    "date_joined": "2022-10-28T07:58:06.587Z",
    "email": "tttt@gmail.com",
    "avatar": "avatars/ava6.jpg",
    "birthday": null,
    "about_user": "tttt",
    "phone": "+77077730146",
    "gender": 2,
    "is_deleted": false,
    "created_at": "2022-10-28T07:58:06.757Z",
    "changed_at": "2022-10-28T07:58:06.757Z",
    "groups": [
      [
        "admin"
      ]
    ],
    "user_permissions": [],
    "liked_posts": [
      6,
      13,
      14,
      15
    ],
    "subscriptions": [
      [
        "r@mail.ru"
      ],
      [
        "y@mail.ru"
      ],
      [
        "John@mail.ru"
      ]
    ],
    "commented_posts": [
      6,
      13,
      15
    ]
  }
},
{
  "model": "accounts.account",
  "fields": {
    "password": "pbkdf2_sha256$390000$XzS49BcBsU1iISYGFjBHgl$K3MkfhopSk310jlSWiDoxGyzL7mTr+pZmexiynRif8w=",
    "last_login": "2022-10-28T08:51:30.953Z",
    "is_superuser": false,
    "username": "fgdbdfghmhfjlllgjg",
    "first_name": "r",
    "last_name": "",
    "is_staff": false,
    "is_active": true,
    "date_joined": "2022-10-28T08:51:30.751Z",
    "email": "r@mail.ru",
    "avatar": "avatars/wonder-day-avatar-memes-cats-52_iqZhMu7.jpg",
    "birthday": null,
    "about_user": "r",
    "phone": "+77077730141",
    "gender": 2,
    "is_deleted": false,
    "created_at": "2022-10-28T08:51:30.936Z",
    "changed_at": "2022-10-28T08:51:30.936Z",
    "groups": [
      [
        "admin"
      ]
    ],
    "user_permissions": [],
    "liked_posts": [],
    "subscriptions": [],
    "commented_posts": []
  }
},
{
  "model": "accounts.account",
  "fields": {
    "password": "pbkdf2_sha256$390000$XzidGy4uApRJjKOZb9y5km$fiv9AsI483MXav5K1ZgL8R5inA5aIgcKZUVhph+xPtM=",
    "last_login": "2022-11-01T05:10:57.778Z",
    "is_superuser": false,
    "username": "ynhgkhjl",
    "first_name": "y",
    "last_name": "",
    "is_staff": false,
    "is_active": true,
    "date_joined": "2022-10-28T09:53:37.442Z",
    "email": "y@mail.ru",
    "avatar": "avatars/55d0cbee0afa3745ada11f60152f1ef1.jpg",
    "birthday": null,
    "about_user": "yyy",
    "phone": "+77077734545",
    "gender": 2,
    "is_deleted": false,
    "created_at": "2022-10-28T09:53:37.605Z",
    "changed_at": "2022-10-28T09:53:37.605Z",
    "groups": [
      [
        "admin"
      ]
    ],
    "user_permissions": [],
    "liked_posts": [
      16,
      17,
      18
    ],
    "subscriptions": [
      [
        "a@mail.ru"
      ],
      [
        "tttt@gmail.com"
      ],
      [
        "y@mail.ru"
      ],
      [
        "bbb@mail.ru"
      ],
      [
        "John@mail.ru"
      ]
    ],
    "commented_posts": [
      16,
      18
    ]
  }
},
{
  "model": "accounts.account",
  "fields": {
    "password": "pbkdf2_sha256$390000$fFQ9x2iCggoqHImNQkgeMg$wgEeFBGtSdGH/2ZgF22QQCZT7aG26JNZYBAieoiR1DM=",
    "last_login": "2022-10-28T10:30:28.440Z",
    "is_superuser": false,
    "username": "tytiuytiuytiuytiy",
    "first_name": "fgf",
    "last_name": "ffht",
    "is_staff": false,
    "is_active": true,
    "date_joined": "2022-10-28T10:30:28.254Z",
    "email": "bbb@mail.ru",
    "avatar": "avatars/ava2.jpg",
    "birthday": "2022-10-25",
    "about_user": "dsfsdfsdffs",
    "phone": "+77077731145",
    "gender": 2,
    "is_deleted": false,
    "created_at": "2022-10-28T10:30:28.424Z",
    "changed_at": "2022-10-31T15:07:58.933Z",
    "groups": [
      [
        "admin"
      ]
    ],
    "user_permissions": [],
    "liked_posts": [],
    "subscriptions": [],
    "commented_posts": []
  }
},
{
  "model": "accounts.account",
  "fields": {
    "password": "pbkdf2_sha256$390000$IWex9nvABKqUumV7cKY0Wr$xG3WjpLcR/U7Wu6y46cp2TLe2me0KOPpQxVq3sYcj28=",
    "last_login": "2022-10-28T10:37:55.619Z",
    "is_superuser": false,
    "username": "cvxzcvzxcv",
    "first_name": "c",
    "last_name": "",
    "is_staff": false,
    "is_active": true,
    "date_joined": "2022-10-28T10:35:47.507Z",
    "email": "c@mail.ru",
    "avatar": "avatars/ava3.jpeg",
    "birthday": null,
    "about_user": "csdafsadfasdfasdfasdfasdf",
    "phone": "+77077732145",
    "gender": 2,
    "is_deleted": false,
    "created_at": "2022-10-28T10:35:47.645Z",
    "changed_at": "2022-10-28T10:35:47.645Z",
    "groups": [
      [
        "admin"
      ]
    ],
    "user_permissions": [],
    "liked_posts": [],
    "subscriptions": [],
    "commented_posts": []
  }
},
{
  "model": "accounts.account",
  "fields": {
    "password": "pbkdf2_sha256$390000$nMosxJvBt69qXIS1o4qDVN$lmwChRxY11p/GNJSWS3mySzEN0okGMSt8JkcBx0bblM=",
    "last_login": "2022-11-01T12:36:13.346Z",
    "is_superuser": false,
    "username": "Elty",
    "first_name": "Elton",
    "last_name": "John",
    "is_staff": false,
    "is_active": true,
    "date_joined": "2022-10-28T14:37:52.429Z",
    "email": "John@mail.ru",
    "avatar": "avatars/john.jpg",
    "birthday": "2022-10-25",
    "about_user": "певец и композитор",
    "phone": "+77077730134",
    "gender": 2,
    "is_deleted": false,
    "created_at": "2022-10-28T14:37:52.583Z",
    "changed_at": "2022-11-01T07:34:19.021Z",
    "groups": [
      [
        "basic"
      ]
    ],
    "user_permissions": [],
    "liked_posts": [
      1,
      3,
      4,
      8,
      9,
      13,
      15,
      19,
      20
    ],
    "subscriptions": [
      [
        "a@mail.ru"
      ],
      [
        "y@mail.ru"
      ],
      [
        "bbb@mail.ru"
      ],
      [
        "John@mail.ru"
      ]
    ],
    "commented_posts": [
      1,
      4,
      9,
      13,
      20
    ]
  }
},
{
  "model": "accounts.account",
  "fields": {
    "password": "pbkdf2_sha256$390000$SRakd3oAiPkmrRnTBlE9D6$zBDVMnzGiNcEHNf8PLL5h/nLdQAvCNdpQwdqkUgPdHw=",
    "last_login": "2022-11-01T12:34:25.374Z",
    "is_superuser": false,
    "username": "x",
    "first_name": "x",
    "last_name": "",
    "is_staff": false,
    "is_active": true,
    "date_joined": "2022-11-01T12:34:25.080Z",
    "email": "x@mail.ru",
    "avatar": "avatars/liked_et8rra0.png",
    "birthday": null,
    "about_user": "x",
    "phone": "+77077730155",
    "gender": 2,
    "is_deleted": false,
    "created_at": "2022-11-01T12:34:25.342Z",
    "changed_at": "2022-11-01T12:34:25.342Z",
    "groups": [
      [
        "basic"
      ]
    ],
    "user_permissions": [],
    "liked_posts": [],
    "subscriptions": [],
    "commented_posts": []
  }
},
{
  "model": "accounts.gender",
  "pk": 1,
  "fields": {
    "gender_name": "Женский",
    "created_at": "2022-10-27T15:08:04.350Z",
    "updated_at": "2022-10-27T15:08:04.350Z"
  }
},
{
  "model": "accounts.gender",
  "pk": 2,
  "fields": {
    "gender_name": "Мужской",
    "created_at": "2022-10-27T15:08:13.669Z",
    "updated_at": "2022-10-27T15:08:13.669Z"
  }
},
{
  "model": "posts.comment",
  "pk": 12,
  "fields": {
    "author": [
      "John@mail.ru"
    ],
    "post": 1,
    "text": "Привет,Ермурат!",
    "is_deleted": false,
    "created_at": "2022-10-30T13:08:20.527Z",
    "changed_at": "2022-10-30T13:08:20.527Z"
  }
},
{
  "model": "posts.comment",
  "pk": 13,
  "fields": {
    "author": [
      "John@mail.ru"
    ],
    "post": 1,
    "text": "Салам, как дела?",
    "is_deleted": false,
    "created_at": "2022-10-30T13:08:33.450Z",
    "changed_at": "2022-10-30T13:08:33.450Z"
  }
},
{
  "model": "posts.comment",
  "pk": 14,
  "fields": {
    "author": [
      "John@mail.ru"
    ],
    "post": 9,
    "text": "ОООООО!!!!! Ассаламууагалейкуууум!!!!!!",
    "is_deleted": false,
    "created_at": "2022-10-30T13:14:45.372Z",
    "changed_at": "2022-10-30T13:14:45.372Z"
  }
},
{
  "model": "posts.comment",
  "pk": 15,
  "fields": {
    "author": [
      "John@mail.ru"
    ],
    "post": 9,
    "text": "sddvxfdgxfbcgfngffgxhf",
    "is_deleted": false,
    "created_at": "2022-10-30T13:53:50.108Z",
    "changed_at": "2022-10-30T13:53:50.108Z"
  }
},
{
  "model": "posts.comment",
  "pk": 21,
  "fields": {
    "author": [
      "John@mail.ru"
    ],
    "post": 9,
    "text": "dfsfsadfasdfas",
    "is_deleted": false,
    "created_at": "2022-10-31T06:36:36.440Z",
    "changed_at": "2022-10-31T06:36:36.440Z"
  }
},
{
  "model": "posts.comment",
  "pk": 22,
  "fields": {
    "author": [
      "John@mail.ru"
    ],
    "post": 9,
    "text": "фффффффффффф",
    "is_deleted": false,
    "created_at": "2022-10-31T06:38:02.087Z",
    "changed_at": "2022-10-31T06:38:02.087Z"
  }
},
{
  "model": "posts.comment",
  "pk": 23,
  "fields": {
    "author": [
      "John@mail.ru"
    ],
    "post": 9,
    "text": "aaaaaaaaaa",
    "is_deleted": false,
    "created_at": "2022-10-31T06:38:06.439Z",
    "changed_at": "2022-10-31T06:38:06.440Z"
  }
},
{
  "model": "posts.comment",
  "pk": 24,
  "fields": {
    "author": [
      "John@mail.ru"
    ],
    "post": 4,
    "text": "Красавчик!",
    "is_deleted": false,
    "created_at": "2022-10-31T06:41:46.051Z",
    "changed_at": "2022-10-31T06:41:46.051Z"
  }
},
{
  "model": "posts.comment",
  "pk": 25,
  "fields": {
    "author": [
      "John@mail.ru"
    ],
    "post": 13,
    "text": "уенукерапрарапрапр",
    "is_deleted": false,
    "created_at": "2022-10-31T13:17:25.487Z",
    "changed_at": "2022-10-31T13:17:25.487Z"
  }
},
{
  "model": "posts.comment",
  "pk": 26,
  "fields": {
    "author": [
      "John@mail.ru"
    ],
    "post": 13,
    "text": "вапвапвапвап",
    "is_deleted": false,
    "created_at": "2022-10-31T17:32:13.367Z",
    "changed_at": "2022-10-31T17:32:13.367Z"
  }
},
{
  "model": "posts.comment",
  "pk": 27,
  "fields": {
    "author": [
      "tttt@gmail.com"
    ],
    "post": 6,
    "text": "Крутая фотка!!!",
    "is_deleted": false,
    "created_at": "2022-11-01T05:06:04.705Z",
    "changed_at": "2022-11-01T05:06:04.705Z"
  }
},
{
  "model": "posts.comment",
  "pk": 28,
  "fields": {
    "author": [
      "tttt@gmail.com"
    ],
    "post": 15,
    "text": "зачёт!",
    "is_deleted": false,
    "created_at": "2022-11-01T05:07:43.858Z",
    "changed_at": "2022-11-01T05:07:43.858Z"
  }
},
{
  "model": "posts.comment",
  "pk": 29,
  "fields": {
    "author": [
      "y@mail.ru"
    ],
    "post": 18,
    "text": "Классный рюкзак",
    "is_deleted": false,
    "created_at": "2022-11-01T05:12:25.860Z",
    "changed_at": "2022-11-01T05:12:25.860Z"
  }
},
{
  "model": "posts.comment",
  "pk": 30,
  "fields": {
    "author": [
      "y@mail.ru"
    ],
    "post": 16,
    "text": "да ты симпатяга!",
    "is_deleted": false,
    "created_at": "2022-11-01T05:12:50.354Z",
    "changed_at": "2022-11-01T05:12:50.354Z"
  }
},
{
  "model": "posts.comment",
  "pk": 31,
  "fields": {
    "author": [
      "tttt@gmail.com"
    ],
    "post": 13,
    "text": "ты крут!!!",
    "is_deleted": false,
    "created_at": "2022-11-01T05:29:26.383Z",
    "changed_at": "2022-11-01T05:29:26.383Z"
  }
},
{
  "model": "posts.comment",
  "pk": 32,
  "fields": {
    "author": [
      "John@mail.ru"
    ],
    "post": 20,
    "text": "dsfsdfsdfsdfs",
    "is_deleted": false,
    "created_at": "2022-11-01T10:33:05.832Z",
    "changed_at": "2022-11-01T10:33:05.832Z"
  }
},
{
  "model": "posts.post",
  "pk": 1,
  "fields": {
    "description": "fdfgsdgdf",
    "image": "uploads/skolko-mesta-nuzhno-koshke_7WrYq0N.jpg",
    "author": [
      "a@mail.ru"
    ],
    "comment_count": 2,
    "like_count": 1,
    "is_deleted": false,
    "created_at": "2022-10-28T07:18:52.798Z",
    "changed_at": "2022-10-28T07:18:52.798Z"
  }
},
{
  "model": "posts.post",
  "pk": 2,
  "fields": {
    "description": "sdfasfd",
    "image": "uploads/skolko-mesta-nuzhno-koshke_tz7d2qJ.jpg",
    "author": [
      "a@mail.ru"
    ],
    "comment_count": 0,
    "like_count": 0,
    "is_deleted": false,
    "created_at": "2022-10-28T07:24:42.068Z",
    "changed_at": "2022-10-28T07:24:42.068Z"
  }
},
{
  "model": "posts.post",
  "pk": 3,
  "fields": {
    "description": "й232123123123",
    "image": "uploads/skolko-mesta-nuzhno-koshke_o1SOAXT.jpg",
    "author": [
      "a@mail.ru"
    ],
    "comment_count": 0,
    "like_count": 1,
    "is_deleted": false,
    "created_at": "2022-10-28T07:27:56.710Z",
    "changed_at": "2022-10-28T07:27:56.710Z"
  }
},
{
  "model": "posts.post",
  "pk": 4,
  "fields": {
    "description": "333333333333333333",
    "image": "uploads/skolko-mesta-nuzhno-koshke_kDipkRf.jpg",
    "author": [
      "a@mail.ru"
    ],
    "comment_count": 1,
    "like_count": 1,
    "is_deleted": false,
    "created_at": "2022-10-28T07:28:29.480Z",
    "changed_at": "2022-10-28T07:28:29.480Z"
  }
},
{
  "model": "posts.post",
  "pk": 5,
  "fields": {
    "description": "55555555555",
    "image": "uploads/skolko-mesta-nuzhno-koshke_7dgZvrB.jpg",
    "author": [
      "a@mail.ru"
    ],
    "comment_count": 0,
    "like_count": 0,
    "is_deleted": false,
    "created_at": "2022-10-28T07:29:59.840Z",
    "changed_at": "2022-10-28T07:29:59.840Z"
  }
},
{
  "model": "posts.post",
  "pk": 6,
  "fields": {
    "description": "safsdfdsfsdfsbfgbfgbfdgbdfgbdfbdfgb",
    "image": "uploads/post1.jpg",
    "author": [
      "y@mail.ru"
    ],
    "comment_count": 1,
    "like_count": 1,
    "is_deleted": false,
    "created_at": "2022-10-28T09:54:36.059Z",
    "changed_at": "2022-10-28T09:54:36.059Z"
  }
},
{
  "model": "posts.post",
  "pk": 8,
  "fields": {
    "description": "helloworld",
    "image": "uploads/post5.jpeg",
    "author": [
      "John@mail.ru"
    ],
    "comment_count": 0,
    "like_count": 1,
    "is_deleted": false,
    "created_at": "2022-10-28T14:43:44.807Z",
    "changed_at": "2022-10-28T14:43:44.807Z"
  }
},
{
  "model": "posts.post",
  "pk": 9,
  "fields": {
    "description": "dzfgzdfgzdfgzdfgsdfgzdfgzdfgs",
    "image": "uploads/John2.jpg",
    "author": [
      "John@mail.ru"
    ],
    "comment_count": 9,
    "like_count": 3,
    "is_deleted": false,
    "created_at": "2022-10-28T15:53:01.949Z",
    "changed_at": "2022-10-28T15:53:01.949Z"
  }
},
{
  "model": "posts.post",
  "pk": 10,
  "fields": {
    "description": "джлтождфывдажло ждфкпаждплоп выапывап",
    "image": "uploads/Без_названия.jpeg",
    "author": [
      "John@mail.ru"
    ],
    "comment_count": 0,
    "like_count": 0,
    "is_deleted": false,
    "created_at": "2022-10-31T11:26:18.602Z",
    "changed_at": "2022-10-31T11:26:18.602Z"
  }
},
{
  "model": "posts.post",
  "pk": 11,
  "fields": {
    "description": "чмивтвртвптвп",
    "image": "uploads/John_Wick_3_i00.jpg",
    "author": [
      "John@mail.ru"
    ],
    "comment_count": 0,
    "like_count": 0,
    "is_deleted": false,
    "created_at": "2022-10-31T11:27:37.936Z",
    "changed_at": "2022-10-31T11:27:37.936Z"
  }
},
{
  "model": "posts.post",
  "pk": 13,
  "fields": {
    "description": "уоггщдншюн нд  щдгндщг щд",
    "image": "uploads/wr-960.webp",
    "author": [
      "John@mail.ru"
    ],
    "comment_count": 3,
    "like_count": 3,
    "is_deleted": false,
    "created_at": "2022-10-31T11:28:52.944Z",
    "changed_at": "2022-10-31T11:28:52.944Z"
  }
},
{
  "model": "posts.post",
  "pk": 14,
  "fields": {
    "description": "skdjvhskdjv;sdkvj;dalkvada",
    "image": "uploads/Без_названия_nYHfvmb.jpeg",
    "author": [
      "John@mail.ru"
    ],
    "comment_count": 0,
    "like_count": 1,
    "is_deleted": false,
    "created_at": "2022-11-01T03:56:41.056Z",
    "changed_at": "2022-11-01T03:56:41.056Z"
  }
},
{
  "model": "posts.post",
  "pk": 15,
  "fields": {
    "description": "Это мой лучший друг",
    "image": "uploads/i.jpeg",
    "author": [
      "John@mail.ru"
    ],
    "comment_count": 1,
    "like_count": 3,
    "is_deleted": false,
    "created_at": "2022-11-01T05:03:26.853Z",
    "changed_at": "2022-11-01T05:03:26.853Z"
  }
},
{
  "model": "posts.post",
  "pk": 16,
  "fields": {
    "description": "Всем привет!",
    "image": "uploads/images.jpeg",
    "author": [
      "tttt@gmail.com"
    ],
    "comment_count": 1,
    "like_count": 1,
    "is_deleted": false,
    "created_at": "2022-11-01T05:05:29.760Z",
    "changed_at": "2022-11-01T05:05:29.760Z"
  }
},
{
  "model": "posts.post",
  "pk": 17,
  "fields": {
    "description": "ываыфвафывафывафыва",
    "image": "uploads/187256564ec5f6aa4baecdae38957152.jpg",
    "author": [
      "tttt@gmail.com"
    ],
    "comment_count": 0,
    "like_count": 1,
    "is_deleted": false,
    "created_at": "2022-11-01T05:09:24.871Z",
    "changed_at": "2022-11-01T05:09:24.871Z"
  }
},
{
  "model": "posts.post",
  "pk": 18,
  "fields": {
    "description": "ыпвапвапывапывапывапывап",
    "image": "uploads/600000759843b1.webp",
    "author": [
      "tttt@gmail.com"
    ],
    "comment_count": 1,
    "like_count": 1,
    "is_deleted": false,
    "created_at": "2022-11-01T05:10:00.380Z",
    "changed_at": "2022-11-01T05:10:00.380Z"
  }
},
{
  "model": "posts.post",
  "pk": 19,
  "fields": {
    "description": "это кот",
    "image": "uploads/images_1.jpeg",
    "author": [
      "y@mail.ru"
    ],
    "comment_count": 0,
    "like_count": 1,
    "is_deleted": false,
    "created_at": "2022-11-01T05:11:24.139Z",
    "changed_at": "2022-11-01T05:11:24.139Z"
  }
},
{
  "model": "posts.post",
  "pk": 20,
  "fields": {
    "description": "fhnsfnsfgnfsgnsfgn",
    "image": "uploads/edaacd73f328557d57af7f6d1953f776--fat-cats-i-am.jpg",
    "author": [
      "y@mail.ru"
    ],
    "comment_count": 1,
    "like_count": 1,
    "is_deleted": false,
    "created_at": "2022-11-01T05:28:34.530Z",
    "changed_at": "2022-11-01T05:28:34.531Z"
  }
},
{
  "model": "admin.logentry",
  "pk": 1,
  "fields": {
    "action_time": "2022-10-27T16:43:07.599Z",
    "user": [
      "root@gmail.com"
    ],
    "content_type": [
      "accounts",
      "account"
    ],
    "object_id": "18",
    "object_repr": "sefale@mail.ru",
    "action_flag": 1,
    "change_message": "[{\"added\": {}}]"
  }
},
{
  "model": "admin.logentry",
  "pk": 2,
  "fields": {
    "action_time": "2022-11-01T06:01:55.900Z",
    "user": [
      "root@gmail.com"
    ],
    "content_type": [
      "auth",
      "group"
    ],
    "object_id": "1",
    "object_repr": "admin",
    "action_flag": 1,
    "change_message": "[{\"added\": {}}]"
  }
},
{
  "model": "admin.logentry",
  "pk": 3,
  "fields": {
    "action_time": "2022-11-01T06:18:27.540Z",
    "user": [
      "root@gmail.com"
    ],
    "content_type": [
      "posts",
      "comment"
    ],
    "object_id": "20",
    "object_repr": "Comment object (20)",
    "action_flag": 3,
    "change_message": ""
  }
},
{
  "model": "admin.logentry",
  "pk": 4,
  "fields": {
    "action_time": "2022-11-01T06:18:27.545Z",
    "user": [
      "root@gmail.com"
    ],
    "content_type": [
      "posts",
      "comment"
    ],
    "object_id": "19",
    "object_repr": "Comment object (19)",
    "action_flag": 3,
    "change_message": ""
  }
},
{
  "model": "admin.logentry",
  "pk": 5,
  "fields": {
    "action_time": "2022-11-01T06:18:27.549Z",
    "user": [
      "root@gmail.com"
    ],
    "content_type": [
      "posts",
      "comment"
    ],
    "object_id": "18",
    "object_repr": "Comment object (18)",
    "action_flag": 3,
    "change_message": ""
  }
},
{
  "model": "admin.logentry",
  "pk": 6,
  "fields": {
    "action_time": "2022-11-01T06:18:27.552Z",
    "user": [
      "root@gmail.com"
    ],
    "content_type": [
      "posts",
      "comment"
    ],
    "object_id": "17",
    "object_repr": "Comment object (17)",
    "action_flag": 3,
    "change_message": ""
  }
},
{
  "model": "admin.logentry",
  "pk": 7,
  "fields": {
    "action_time": "2022-11-01T06:18:51.258Z",
    "user": [
      "root@gmail.com"
    ],
    "content_type": [
      "posts",
      "post"
    ],
    "object_id": "7",
    "object_repr": "Post object (7)",
    "action_flag": 3,
    "change_message": ""
  }
},
{
  "model": "admin.logentry",
  "pk": 8,
  "fields": {
    "action_time": "2022-11-01T07:34:10.690Z",
    "user": [
      "root@gmail.com"
    ],
    "content_type": [
      "auth",
      "group"
    ],
    "object_id": "2",
    "object_repr": "users",
    "action_flag": 1,
    "change_message": "[{\"added\": {}}]"
  }
},
{
  "model": "admin.logentry",
  "pk": 9,
  "fields": {
    "action_time": "2022-11-01T07:34:19.025Z",
    "user": [
      "root@gmail.com"
    ],
    "content_type": [
      "accounts",
      "account"
    ],
    "object_id": "40",
    "object_repr": "John@mail.ru",
    "action_flag": 2,
    "change_message": "[{\"changed\": {\"fields\": [\"Groups\"]}}]"
  }
},
{
  "model": "admin.logentry",
  "pk": 10,
  "fields": {
    "action_time": "2022-11-01T08:07:08.356Z",
    "user": [
      "root@gmail.com"
    ],
    "content_type": [
      "auth",
      "group"
    ],
    "object_id": "2",
    "object_repr": "user",
    "action_flag": 2,
    "change_message": "[{\"changed\": {\"fields\": [\"Name\", \"Permissions\"]}}]"
  }
},
{
  "model": "admin.logentry",
  "pk": 11,
  "fields": {
    "action_time": "2022-11-01T08:07:28.121Z",
    "user": [
      "root@gmail.com"
    ],
    "content_type": [
      "accounts",
      "account"
    ],
    "object_id": "17",
    "object_repr": "root@gmail.com",
    "action_flag": 2,
    "change_message": "[{\"changed\": {\"fields\": [\"Groups\"]}}]"
  }
},
{
  "model": "admin.logentry",
  "pk": 12,
  "fields": {
    "action_time": "2022-11-01T08:09:54.395Z",
    "user": [
      "root@gmail.com"
    ],
    "content_type": [
      "accounts",
      "account"
    ],
    "object_id": "41",
    "object_repr": "fff@gmail.com",
    "action_flag": 1,
    "change_message": "[{\"added\": {}}]"
  }
},
{
  "model": "admin.logentry",
  "pk": 13,
  "fields": {
    "action_time": "2022-11-01T09:46:10.599Z",
    "user": [
      "root@gmail.com"
    ],
    "content_type": [
      "auth",
      "group"
    ],
    "object_id": "2",
    "object_repr": "basic",
    "action_flag": 2,
    "change_message": "[{\"changed\": {\"fields\": [\"Name\"]}}]"
  }
},
{
  "model": "admin.logentry",
  "pk": 14,
  "fields": {
    "action_time": "2022-11-01T09:48:44.936Z",
    "user": [
      "root@gmail.com"
    ],
    "content_type": [
      "auth",
      "group"
    ],
    "object_id": "2",
    "object_repr": "basic",
    "action_flag": 2,
    "change_message": "[{\"changed\": {\"fields\": [\"Permissions\"]}}]"
  }
},
{
  "model": "admin.logentry",
  "pk": 15,
  "fields": {
    "action_time": "2022-11-01T10:31:59.201Z",
    "user": [
      "root@gmail.com"
    ],
    "content_type": [
      "auth",
      "group"
    ],
    "object_id": "2",
    "object_repr": "basic",
    "action_flag": 2,
    "change_message": "[{\"changed\": {\"fields\": [\"Permissions\"]}}]"
  }
}
]
